{"is_barriernet": true, "weights_path": "model_base_single_input_obs_wc_nolim_linp_f_fullsuite_live_0_bn.pth", "nHidden1": 256, "nHidden21": 64, "nHidden22": 64, "nHidden23": 64, "nHidden24": null, "input_mean": [-1.2806310697447986e-05, 2.1232500800529492, 1.5707933170290103, 0.19568755963406875, -0.12326288350776096, 0.12325836327091379, 2.9340402054475343e-06, 0.19568755945653304, 0.14998719368930258, 0.04525008005294838, 0.0, 0.0, -0.0900128063106974, 0.04525008005294838, 0.0, 0.0, 0.08398719368930255, 0.05425008005294828, 0.0, 0.0, -0.14701280631069744, 0.05525008005294826, 0.0, 0.0, 0.13798719368930254, 0.06025008005294822, 0.0, 0.0, -0.14101280631069738, 0.06225008005294816, 0.0, 0.0, 0.14098719368930257, 0.06825008005294833, 0.0, 0.0, -0.15301280631069747, 0.0732500800529483, 0.0, 0.0, 0.03598719368930254, 0.07825008005294819, 0.0, 0.0, -0.2880128063106976, 0.07825008005294819, 0.0, 0.0, 0.13798719368930257, 0.08025008005294826, 0.0, 0.0], "input_std": [2.3976131324535023e-05, 1.4125715725954568, 6.510306820139287e-05, 0.11025266916995914, 1.4125597702309676, 1.4125670333625564, 3.62355731883752e-05, 0.11025266915265805, 0.2598019860888065, 0.5933421024517341, 0.0, 0.0, 0.28618369451988945, 0.5933421024517341, 0.0, 0.0, 0.2879986259181559, 0.6686680564398526, 0.0, 0.0, 0.26152341147454, 0.6685861721146676, 0.0, 0.0, 0.26637040592074857, 0.7485672471808096, 0.0, 0.0, 0.26480490959524056, 0.7484035831231991, 0.0, 0.0, 0.27261049572172336, 0.8266613227969659, 0.0, 0.0, 0.26607217520621174, 0.8262332853425238, 0.0, 0.0, 0.3013336403486336, 0.9097960002837712, 0.0, 0.0, 0.09568624890984946, 0.9097960002837712, 0.0, 0.0, 0.2786631938403594, 0.991371466062703, 0.0, 0.0], "label_mean": [7.484559229568769e-07, 0.002729508731620962], "label_std": [0.00024769577732127054, 0.047828071272102785], "add_control_limits": false, "add_liveness_filter": false, "separate_penalty_for_opp": false, "x_is_d_goal": true, "add_liveness_as_input": false, "n_opponents": 12}