{"is_barriernet": true, "weights_path": "model_base_single_input_obs_wc_nolim_linp_f_fullsuite_live_1_bn.pth", "nHidden1": 256, "nHidden21": 64, "nHidden22": 64, "nHidden23": 64, "nHidden24": null, "input_mean": [2.1232500771970626, -8.283217965697202e-06, 2.9340402054475343e-06, 0.19568755945653304, 0.12326288350776096, -0.12325836327091379, 1.5707933170290103, 0.19568755963406875, 0.04525007719706327, 0.2939917167820342, 0.0, 0.0, 0.04525007719706327, -0.22200828321796554, 0.0, 0.0, 0.05325007719706326, 0.22199171678203414, 0.0, 0.0, 0.05625007719706323, -0.27600828321796567, 0.0, 0.0, 0.06025007719706322, 0.2789917167820342, 0.0, 0.0, 0.06225007719706324, -0.2730082832179656, 0.0, 0.0, 0.0682500771970635, 0.27599171678203427, 0.0, 0.0, 0.07525007719706345, -0.28200828321796567, 0.0, 0.0, 0.07625007719706317, 0.2819917167820342, 0.0, 0.0, 0.07825007719706327, -0.28200828321796567, 0.0, 0.0, 0.08025007719706335, 0.287991716782034, 0.0, 0.0], "input_std": [1.4125715734291726, 1.1788980488819484e-05, 3.62355731883752e-05, 0.11025266915265805, 1.4125597702309676, 1.4125670333625564, 6.510306820139287e-05, 0.11025266916995914, 0.5933421031853191, 0.05969841488988188, 0.0, 0.0, 0.5933421031853191, 0.2017789406936729, 0.0, 0.0, 0.66874843613455, 0.20178518124604544, 0.0, 0.0, 0.6685027826199895, 0.11757562290217591, 0.0, 0.0, 0.7485672479664083, 0.11026785571874258, 0.0, 0.0, 0.7484035839172427, 0.12438092448080529, 0.0, 0.0, 0.8266613235484246, 0.1342544070148131, 0.0, 0.0, 0.8260535350529343, 0.1211446350014366, 0.0, 0.0, 0.9099658036780391, 0.11214295588587596, 0.0, 0.0, 0.9097960010659544, 0.11214277836040468, 0.0, 0.0, 0.9913714668987784, 0.11728556838652203, 0.0, 0.0], "label_mean": [-4.4670866480843067e-07, 0.0027295086823960544], "label_std": [0.00013620016176782792, 0.04782807131235445], "add_control_limits": false, "add_liveness_filter": false, "separate_penalty_for_opp": false, "x_is_d_goal": true, "add_liveness_as_input": false, "n_opponents": 12}