{"is_barriernet": true, "weights_path": "model_base_single_input_obs_wc_nolim_linp_f_fullsuite_live_1_bn.pth", "nHidden1": 256, "nHidden21": 64, "nHidden22": 64, "nHidden23": 64, "nHidden24": null, "input_mean": [2.123250077197063, -8.283217965697195e-06, 2.9340402054475394e-06, 0.1956875594565328, 0.12326288350776071, -0.12325836327091416, 1.5707933170290114, 0.19568755963406909, 0.04525007719706336, 0.2939917167820344, 0.0, 0.0, 0.04525007719706336, -0.22200828321796562, 0.0, 0.0, 0.05325007719706334, 0.22199171678203453, 0.0, 0.0, 0.05625007719706332, -0.27600828321796556, 0.0, 0.0, 0.060250077197063295, 0.27899171678203444, 0.0, 0.0, 0.062250077197063325, -0.27300828321796555, 0.0, 0.0, 0.06825007719706332, 0.2759917167820344, 0.0, 0.0, 0.07525007719706327, -0.2820082832179656, 0.0, 0.0, 0.07625007719706331, 0.28199171678203444, 0.0, 0.0, 0.07825007719706334, -0.28200828321796556, 0.0, 0.0, 0.08025007719706333, 0.28799171678203445, 0.0, 0.0], "input_std": [1.412571573429173, 1.1788980488819482e-05, 3.623557318837518e-05, 0.11025266915265781, 1.4125597702309676, 1.412567033362557, 6.510306820139287e-05, 0.11025266916995911, 0.5933421031853192, 0.059698414889881896, 0.0, 0.0, 0.5933421031853192, 0.2017789406936728, 0.0, 0.0, 0.6687484361345502, 0.20178518124604544, 0.0, 0.0, 0.6685027826199893, 0.11757562290217588, 0.0, 0.0, 0.7485672479664082, 0.11026785571874258, 0.0, 0.0, 0.7484035839172432, 0.12438092448080533, 0.0, 0.0, 0.826661323548425, 0.1342544070148131, 0.0, 0.0, 0.8260535350529341, 0.12114463500143664, 0.0, 0.0, 0.9099658036780395, 0.11214295588587597, 0.0, 0.0, 0.9097960010659538, 0.11214277836040475, 0.0, 0.0, 0.9913714668987786, 0.11728556838652202, 0.0, 0.0], "label_mean": [-4.467086648084306e-07, 0.0027295086823960384], "label_std": [0.00013620016176782795, 0.047828071312354455], "add_control_limits": false, "add_liveness_filter": false, "separate_penalty_for_opp": false, "x_is_d_goal": true, "add_liveness_as_input": false, "n_opponents": 12}